<Block>

	<Debug>false</Debug>

	<ID>6</ID>

	<Name>FlareBlock</Name>

	<Mass>0.3</Mass>
	<Script>ModernAirCombat.FlareBlock</Script>

	<Mesh name="Flare Mesh">
		<Position x="0.0" y="0.0" z="0.0" />
		<Rotation x="90" y="0.0" z="0.0" />
		<Scale x="1.0" y="1.0" z="1.0" />
	</Mesh>
	
	<Texture name="Flare Texture" /> <!-- Must be defined as a resource in the manifest. -->
	
	<Icon>
		<Position x="0.0" y="0.0" z="-1.0" />
		<Rotation x="-45" y="45" z="0.0" />
		<Scale x="1.0" y="1.0" z="1.0" />
	</Icon>
	
	<Colliders>
		<!-- TODO: Insert Collider definitions here.
			 Examples: -->
		<BoxCollider>
			<Position x="0.0" y="0.0" z="0.05" />
			<Rotation x="0.0" y="0.0" z="0.0" />
			<Scale x="1" y="0.5" z="0.1" />
		</BoxCollider>
	</Colliders>
	
	<BasePoint hasAddingPoint="false">
		<Stickiness enabled="true" radius="0.3" />
		<!-- Can only have motion if sticky -->
		<Motion x="false" y="false" z="false" /> <!-- Optional -->
	</BasePoint>
	
	<AddingPoints>
		<!-- TODO: Insert AddingPoint definitions here. Example:-->

	</AddingPoints>
</Block>