<Mod>
	<!-- Mod manifest file.
		 You should at the very least replace the values marked with FIX.
		 
		 See the documentation for further information on any of these elements.
	-->

	<!-- General information about the mod. -->
	<Name>ModernAirCombat</Name>
	<Author>Humble Cavalry</Author> <!-- FIX: Insert your name here. -->
	<!-- Major.Minor.Build -->
	<Version>0.2.1</Version>
	
	<Description>
	A mod for simulating modern air combat in besiege. 
	</Description>
	<Icon name="icon"/>
	<Debug>false</Debug>

	<MultiplayerCompatible>true</MultiplayerCompatible>
	
	<Assemblies>
		<Assembly path="MacAssembly.dll" />
	</Assemblies>
	
	<!-- Any blocks your mod adds to the game.
		 The path attribute is relative to the location of this file. -->
	<Blocks>
		<!-- <Block path="SomeBlock.xml" /> -->
		<Block path="SRAAM.xml" />
		<Block path="Displayer.xml" />
		<Block path="Radar.xml" />
		<Block path="MRAAM.xml" />
		<Block path="RWR.xml" />
		<Block path="FlareBlock.xml" />
		<Block path="MachineGun.xml" />
	</Blocks>
	
	<!-- Any entities (level objects) your mod adds to the game.
		 The path attribute is relative to the location of this file. -->
	<Entities>
		<!-- <Entity path="SomeEntity.xml" /> -->
	</Entities>
	
	<!-- Any logic trigger types your mod adds to the game. -->
	<!-- See the ModTriggers class for info on how to activate your triggers. -->
	<Triggers>
		
	</Triggers>
	
	<!-- Any logic event types your mod adds to the game. -->
	<!-- See the ModEvents class for info on how to handle your events being activated. -->
	<Events>
		
	</Events>
	
	<!-- Access these keys using the ModKeys class. -->
	<Keys>
		
	</Keys>
	
	<!-- The mod loader will automatically make all resources listed here available
		 to your mod via the ModResource class.
		 The path attribute is relative to the Resources/ directory.
		 You also need to list resources used in your Blocks and Entities.
		 Available resource types are Mesh, Texture, AudioClip, and AssetBundle. -->
	<Resources>
		<!-- <Mesh name="some-mesh-name" path="some_mesh_file.obj" /> -->
		<!-- <Texture name="some-texture-name" path="some_texture_file.png" /> -->
		<Texture name="icon" path="icon.png"/>
		<Mesh name="SRAAM Mesh" path="SRAAM\r73.obj"/>
		<Texture name="SRAAM Texture" path="SRAAM\r73.png"/>
		<Mesh name="MRAAM Mesh" path="MRAAM\r27.obj"/>
		<Texture name="MRAAM Texture" path="MRAAM\r27.png"/>
		<Mesh name="Cone Scan" path="ConeScan.obj"/>
		<Texture name="Aim Icon" path="AimIcon.png"/>
		<AssetBundle name="Trail Effect" path="trail.ab"/>
		<Texture name="Black Smoke Texture" path="ParticleCloudBlack.png"/>
		<Texture name="White Smoke Texture" path="ParticleCloudWhite.png"/>
		<AssetBundle name="Explo Effect" path="explo.ab"/>
		<Mesh name="Displayer Mesh" path="Displayer\Displayer.obj"/>
		<Texture name="Displayer Texture" path="Displayer\Displayer.png"/>
		<Mesh name="Plane Mesh" path="Displayer\Plane.obj"/>
		<Texture name="BaseGrid Texture" path="Displayer\BaseGrid.png"/>
		<Texture name="ScanLine Texture" path="Displayer\ScanLine.png"/>
		<Texture name="AngleIndicator Texture" path="Displayer\AngleIndicator.png"/>
		<Texture name="Chooser Texture" path="Displayer\Chooser.png"/>
		<Mesh name="Radar Mesh" path="Radar\radar.obj"/>
		<Texture name="Radar Texture" path="Radar\radar.png"/>
		<Mesh name="RadarScan Mesh" path="Radar\radarScan2.obj"/>
		<Mesh name="RadarHead Mesh" path="Radar\radarhead.obj"/>
		<Texture name="RadarHead Texture" path="Radar\radarhead.png"/>
		<Texture name="LockIconScreen Texture" path="LockIconScreen.png"/>
		<Mesh name="RWR Mesh" path="RWR\RWR.obj"/>
		<Texture name="RWR Texture" path="RWR\RWR.png"/>
		<Mesh name="Flare Mesh" path="Flare\Flare.obj"/>
		<Texture name="Flare Texture" path="Flare\Flare.png"/>
		<AssetBundle name="Flare Effect" path="flare.ab"/>
		<AssetBundle name="Gun Effect" path="gunfire.ab"/>
		<AudioClip name="RWRBeep Audio" path="RWR\RWRBeep.wav" />
		<Mesh name="MachineGun Mesh" path="MachineGun\MG.obj"/>
		<Texture name="MachineGun Texture" path="MachineGun\MG.png"/>
		<AudioClip name="MachineGun Audio" path="MachineGun\shot2.wav" />
		<AudioClip name="Flying Audio" path="MachineGun\flying.wav" />
		<AudioClip name="BulletHit Audio" path="MachineGun\hit.wav" />
		<AudioClip name="MissileLaunch Audio" path="SRAAM\Launch.wav" />
		<AudioClip name="MissileExplo Audio" path="SRAAM\explo.wav" />
		<Texture name="BlackOut Texture" path="Displayer\BlackOut.png"/>

	</Resources>


<!-- This value is automatically generated. Do not change it or you may break machine&level save files. -->
<ID>95e9c048-7ee6-4b61-85d2-d6a637ee9a30</ID>

</Mod>
