<Block>

	<Debug>false</Debug>

	<ID>4</ID>

	<Name>MRAAM</Name>

	<Mass>3</Mass>
	<Script>ModernAirCombat.MRAAMBlock</Script>

	<Mesh name="MRAAM Mesh">
		<Position x="0.0" y="-2.0" z="0.3"/>
		<Rotation x="0.0" y="0.0" z="0.0"/>
		<Scale x="1.0" y="1.0" z="1.0"/>
	</Mesh>
	<Texture name="MRAAM Texture"/>

	<Icon>
		<Position x="-0.25" y="-0.3" z="0.0"/>
		<Rotation x="0" y="0" z="-45"/>
		<Scale x="0.2" y="0.2" z="0.2"/>
	</Icon>
	
	<Colliders>
		<BoxCollider>
			<Position x="0.0" y="0.0" z="0.3"/>
			<Rotation x="0" y="45" z="0"/>
			<Scale x="0.32" y="3" z="0.32"/>
		</BoxCollider>
		<CapsuleCollider>
			<Position x="0.0" y="0.2" z="0.3"/>
			<Rotation x="0.0" y="0.0" z="0.0"/>
			<Capsule direction="Y" radius="0.16" height="4"/>
		</CapsuleCollider>
	</Colliders>
	<BasePoint hasAddingPoint="false">
		<Stickiness enabled="true" radius="0.0"/>
		<!--  Can only have motion if sticky  -->
		<Motion x="false" y="false" z="false"/>
	<!--  Optional  -->
	</BasePoint>
	<AddingPoints>
	<!--  TODO: Insert AddingPoint definitions here. Example: -->

	</AddingPoints>
</Block>