<Block>

	<Debug>false</Debug>

	<ID>5</ID>
	
	<Name>RWR</Name>

	<Mass>0.1</Mass>

	<Script>ModernAirCombat.RWRBlock</Script>
	
	<Mesh name="RWR Mesh"> 
		<Position x="0.0" y="0.0" z="0.0" />
		<Rotation x="90" y="0" z="0" />
		<Scale x="1.0" y="1.0" z="1.0" />
	</Mesh>
	
	<Texture name="RWR Texture" /> 
	
	<Icon>
		<Position x="0.0" y="0.0" z="-1.0" />
		<Rotation x="-45" y="45" z="0.0" />
		<Scale x="3" y="3" z="3" />
	</Icon>
	
	<Colliders>
		<BoxCollider>
			<Position x="0.0" y="0" z="0.025" />
			<Rotation x="90" y="0" z="0.0" />
			<Scale x="0.2" y="0.05" z="0.2" />
		</BoxCollider>
	</Colliders>
	
	<BasePoint hasAddingPoint="false">
		<Stickiness enabled="true" radius="0.3" />
		<!-- Can only have motion if sticky -->
		<Motion x="false" y="false" z="false" /> <!-- Optional -->
	</BasePoint>
	
	<AddingPoints>
	</AddingPoints>
</Block>