<Block>

	<Debug>false</Debug>

	<ID>1</ID>

	<Name>SRAAM</Name>

	<Mass>1.5</Mass>
	
	<Script>ModernAirCombat.SRAAMBlock</Script>

	<Mesh name="SRAAM Mesh">
		<Position x="0.0" y="-1.2" z="0.3" />
		<Rotation x="0.0" y="0.0" z="0.0" />
		<Scale x="1.0" y="1.0" z="1.0" />
	</Mesh>
	
	<Texture name="SRAAM Texture" />
	
<Icon>
		<Position x="-0.3" y="-0.3" z="-1.0" />
		<Rotation x="0" y="0.0" z="-45.0" />
		<Scale x="0.3" y="0.3" z="0.3" />
</Icon>
	
	<Colliders>
		<BoxCollider>
			<Position x="0.0" y="0.0" z="0.3" />
			<Rotation x="0" y="45" z="0" />
			<Scale x="0.18" y="2" z="0.18" />
		</BoxCollider>
		<CapsuleCollider>
			<Position x="0.0" y="0.2" z="0.3" />
			<Rotation x="0.0" y="0.0" z="0.0" />
			<Capsule direction="Y" radius="0.09" height="2.8"/>
		</CapsuleCollider>
	</Colliders>
	
	<BasePoint hasAddingPoint="false">
		<Stickiness enabled="true" radius="0" />
		<!-- Can only have motion if sticky -->
		<Motion x="false" y="false" z="false" /> <!-- Optional -->
	</BasePoint>
	
	<AddingPoints>
		<!-- TODO: Insert AddingPoint definitions here. Example:-->

	</AddingPoints>
</Block>